1,7,1,2024-03-21,2024-04-21,
2,1,1,2024-03-21,2024-04-21,
3,1,1,2024-03-21,2024-04-21,
4,1,1,2024-03-21,2024-04-21,
5,1,1,2024-03-21,2024-04-21,
6,1,1,2024-03-21,2024-04-21,
7,1,1,2024-03-21,2024-04-21,
8,1,1,2024-03-21,2024-04-21,
9,1,1,2024-03-21,2024-04-21,
10,1,1,2024-03-21,2024-04-21,
11,1,1,2024-03-21,2024-04-21,
12,2,2,2024-03-21,2024-04-21,
13,2,3,2024-03-21,2024-04-21,
14,2,3,2024-03-21,2024-04-21,
17,2,3,2024-03-21,2024-04-21,
18,2,3,2024-03-21,2024-04-21,
19,3,3,2024-03-22,2024-04-22,
20,3,5,2024-03-22,2024-04-22,
21,3,4,2024-03-22,2024-04-22,
22,3,4,2024-03-22,2024-04-22,
23,3,4,2024-03-22,2024-04-22,
24,3,4,2024-03-22,2024-04-22,
25,3,4,2024-03-22,2024-04-22,
26,3,4,2024-03-22,2024-04-22,
27,3,4,2024-03-22,2024-04-22,
28,3,4,2024-03-22,2024-04-22,
29,9,1,2024-03-22,2024-04-22,
1,101,201,2024-04-08,2024-05-08,
